file,true_label,predicted_label,pneumonia_probability,outcome
data/chest_xray_224/test/NORMAL/NORMAL_0.jpeg,NORMAL,PNEUMONIA,0.8099048138,FP
data/chest_xray_224/test/NORMAL/NORMAL_1.jpeg,NORMAL,NORMAL,0.1119220257,TN
data/chest_xray_224/test/NORMAL/NORMAL_10.jpeg,NORMAL,NORMAL,0.0662487969,TN
data/chest_xray_224/test/NORMAL/NORMAL_100.jpeg,NORMAL,NORMAL,0.4398960471,TN
data/chest_xray_224/test/NORMAL/NORMAL_101.jpeg,NORMAL,PNEUMONIA,0.7276965976,FP
data/chest_xray_224/test/NORMAL/NORMAL_102.jpeg,NORMAL,PNEUMONIA,0.8811565638,FP
data/chest_xray_224/test/NORMAL/NORMAL_103.jpeg,NORMAL,PNEUMONIA,0.9151980877,FP
data/chest_xray_224/test/NORMAL/NORMAL_104.jpeg,NORMAL,PNEUMONIA,0.9041360617,FP
data/chest_xray_224/test/NORMAL/NORMAL_105.jpeg,NORMAL,PNEUMONIA,0.6705608964,FP
data/chest_xray_224/test/NORMAL/NORMAL_106.jpeg,NORMAL,NORMAL,0.0882213190,TN
data/chest_xray_224/test/NORMAL/NORMAL_107.jpeg,NORMAL,NORMAL,0.4283265769,TN
data/chest_xray_224/test/NORMAL/NORMAL_108.jpeg,NORMAL,NORMAL,0.3345294297,TN
data/chest_xray_224/test/NORMAL/NORMAL_109.jpeg,NORMAL,PNEUMONIA,0.6439803839,FP
data/chest_xray_224/test/NORMAL/NORMAL_11.jpeg,NORMAL,PNEUMONIA,0.7422653437,FP
data/chest_xray_224/test/NORMAL/NORMAL_110.jpeg,NORMAL,NORMAL,0.2583943605,TN
data/chest_xray_224/test/NORMAL/NORMAL_111.jpeg,NORMAL,PNEUMONIA,0.8937065005,FP
data/chest_xray_224/test/NORMAL/NORMAL_112.jpeg,NORMAL,NORMAL,0.1115019545,TN
data/chest_xray_224/test/NORMAL/NORMAL_113.jpeg,NORMAL,NORMAL,0.3574916422,TN
data/chest_xray_224/test/NORMAL/NORMAL_114.jpeg,NORMAL,NORMAL,0.4756881297,TN
data/chest_xray_224/test/NORMAL/NORMAL_115.jpeg,NORMAL,PNEUMONIA,0.7857880592,FP
data/chest_xray_224/test/NORMAL/NORMAL_116.jpeg,NORMAL,PNEUMONIA,0.8973852992,FP
data/chest_xray_224/test/NORMAL/NORMAL_117.jpeg,NORMAL,NORMAL,0.2824368775,TN
data/chest_xray_224/test/NORMAL/NORMAL_118.jpeg,NORMAL,NORMAL,0.1266288459,TN
data/chest_xray_224/test/NORMAL/NORMAL_119.jpeg,NORMAL,NORMAL,0.1386217773,TN
data/chest_xray_224/test/NORMAL/NORMAL_12.jpeg,NORMAL,PNEUMONIA,0.8985437155,FP
data/chest_xray_224/test/NORMAL/NORMAL_120.jpeg,NORMAL,NORMAL,0.3747735023,TN
data/chest_xray_224/test/NORMAL/NORMAL_121.jpeg,NORMAL,NORMAL,0.3599553406,TN
data/chest_xray_224/test/NORMAL/NORMAL_122.jpeg,NORMAL,PNEUMONIA,0.5664121509,FP
data/chest_xray_224/test/NORMAL/NORMAL_123.jpeg,NORMAL,NORMAL,0.2100737095,TN
data/chest_xray_224/test/NORMAL/NORMAL_124.jpeg,NORMAL,PNEUMONIA,0.5012732148,FP
data/chest_xray_224/test/NORMAL/NORMAL_125.jpeg,NORMAL,PNEUMONIA,0.9019878507,FP
data/chest_xray_224/test/NORMAL/NORMAL_126.jpeg,NORMAL,NORMAL,0.4697694778,TN
data/chest_xray_224/test/NORMAL/NORMAL_127.jpeg,NORMAL,NORMAL,0.4317715168,TN
data/chest_xray_224/test/NORMAL/NORMAL_128.jpeg,NORMAL,NORMAL,0.0320516005,TN
data/chest_xray_224/test/NORMAL/NORMAL_129.jpeg,NORMAL,NORMAL,0.3314456642,TN
data/chest_xray_224/test/NORMAL/NORMAL_13.jpeg,NORMAL,NORMAL,0.1766786575,TN
data/chest_xray_224/test/NORMAL/NORMAL_130.jpeg,NORMAL,NORMAL,0.4861692786,TN
data/chest_xray_224/test/NORMAL/NORMAL_131.jpeg,NORMAL,PNEUMONIA,0.8583668470,FP
data/chest_xray_224/test/NORMAL/NORMAL_132.jpeg,NORMAL,NORMAL,0.0812731907,TN
data/chest_xray_224/test/NORMAL/NORMAL_133.jpeg,NORMAL,PNEUMONIA,0.6988385320,FP
data/chest_xray_224/test/NORMAL/NORMAL_134.jpeg,NORMAL,PNEUMONIA,0.6665626764,FP
data/chest_xray_224/test/NORMAL/NORMAL_135.jpeg,NORMAL,NORMAL,0.4261436164,TN
data/chest_xray_224/test/NORMAL/NORMAL_136.jpeg,NORMAL,NORMAL,0.2652059793,TN
data/chest_xray_224/test/NORMAL/NORMAL_137.jpeg,NORMAL,NORMAL,0.3405480981,TN
data/chest_xray_224/test/NORMAL/NORMAL_138.jpeg,NORMAL,NORMAL,0.1912118942,TN
data/chest_xray_224/test/NORMAL/NORMAL_139.jpeg,NORMAL,PNEUMONIA,0.8455663919,FP
data/chest_xray_224/test/NORMAL/NORMAL_14.jpeg,NORMAL,PNEUMONIA,0.8296573162,FP
data/chest_xray_224/test/NORMAL/NORMAL_140.jpeg,NORMAL,NORMAL,0.2099187821,TN
data/chest_xray_224/test/NORMAL/NORMAL_141.jpeg,NORMAL,NORMAL,0.1830618531,TN
data/chest_xray_224/test/NORMAL/NORMAL_142.jpeg,NORMAL,NORMAL,0.2724168301,TN
data/chest_xray_224/test/NORMAL/NORMAL_143.jpeg,NORMAL,PNEUMONIA,0.5173122287,FP
data/chest_xray_224/test/NORMAL/NORMAL_144.jpeg,NORMAL,NORMAL,0.2858581841,TN
data/chest_xray_224/test/NORMAL/NORMAL_145.jpeg,NORMAL,NORMAL,0.1137003601,TN
data/chest_xray_224/test/NORMAL/NORMAL_146.jpeg,NORMAL,PNEUMONIA,0.8326857686,FP
data/chest_xray_224/test/NORMAL/NORMAL_147.jpeg,NORMAL,NORMAL,0.3592781723,TN
data/chest_xray_224/test/NORMAL/NORMAL_148.jpeg,NORMAL,NORMAL,0.2580848336,TN
data/chest_xray_224/test/NORMAL/NORMAL_149.jpeg,NORMAL,PNEUMONIA,0.8362165093,FP
data/chest_xray_224/test/NORMAL/NORMAL_15.jpeg,NORMAL,PNEUMONIA,0.8603319526,FP
data/chest_xray_224/test/NORMAL/NORMAL_150.jpeg,NORMAL,NORMAL,0.1198090240,TN
data/chest_xray_224/test/NORMAL/NORMAL_151.jpeg,NORMAL,NORMAL,0.3316443264,TN
data/chest_xray_224/test/NORMAL/NORMAL_152.jpeg,NORMAL,PNEUMONIA,0.7809555531,FP
data/chest_xray_224/test/NORMAL/NORMAL_153.jpeg,NORMAL,PNEUMONIA,0.9264980555,FP
data/chest_xray_224/test/NORMAL/NORMAL_154.jpeg,NORMAL,NORMAL,0.3771978915,TN
data/chest_xray_224/test/NORMAL/NORMAL_155.jpeg,NORMAL,PNEUMONIA,0.5611629486,FP
data/chest_xray_224/test/NORMAL/NORMAL_156.jpeg,NORMAL,NORMAL,0.4518482387,TN
data/chest_xray_224/test/NORMAL/NORMAL_157.jpeg,NORMAL,PNEUMONIA,0.8114331365,FP
data/chest_xray_224/test/NORMAL/NORMAL_158.jpeg,NORMAL,NORMAL,0.0418428518,TN
data/chest_xray_224/test/NORMAL/NORMAL_159.jpeg,NORMAL,PNEUMONIA,0.7540811300,FP
data/chest_xray_224/test/NORMAL/NORMAL_16.jpeg,NORMAL,PNEUMONIA,0.5569714308,FP
data/chest_xray_224/test/NORMAL/NORMAL_160.jpeg,NORMAL,PNEUMONIA,0.5726195574,FP
data/chest_xray_224/test/NORMAL/NORMAL_161.jpeg,NORMAL,NORMAL,0.3095883727,TN
data/chest_xray_224/test/NORMAL/NORMAL_162.jpeg,NORMAL,NORMAL,0.4715826213,TN
data/chest_xray_224/test/NORMAL/NORMAL_163.jpeg,NORMAL,NORMAL,0.3917661905,TN
data/chest_xray_224/test/NORMAL/NORMAL_164.jpeg,NORMAL,PNEUMONIA,0.7476515174,FP
data/chest_xray_224/test/NORMAL/NORMAL_165.jpeg,NORMAL,PNEUMONIA,0.9651754498,FP
data/chest_xray_224/test/NORMAL/NORMAL_166.jpeg,NORMAL,PNEUMONIA,0.5931464434,FP
data/chest_xray_224/test/NORMAL/NORMAL_167.jpeg,NORMAL,PNEUMONIA,0.9203911424,FP
data/chest_xray_224/test/NORMAL/NORMAL_168.jpeg,NORMAL,NORMAL,0.0433144830,TN
data/chest_xray_224/test/NORMAL/NORMAL_169.jpeg,NORMAL,PNEUMONIA,0.9502571821,FP
data/chest_xray_224/test/NORMAL/NORMAL_17.jpeg,NORMAL,PNEUMONIA,0.6839957833,FP
data/chest_xray_224/test/NORMAL/NORMAL_170.jpeg,NORMAL,PNEUMONIA,0.8497704864,FP
data/chest_xray_224/test/NORMAL/NORMAL_171.jpeg,NORMAL,NORMAL,0.2202836424,TN
data/chest_xray_224/test/NORMAL/NORMAL_172.jpeg,NORMAL,NORMAL,0.1336150318,TN
data/chest_xray_224/test/NORMAL/NORMAL_173.jpeg,NORMAL,NORMAL,0.0614638738,TN
data/chest_xray_224/test/NORMAL/NORMAL_174.jpeg,NORMAL,PNEUMONIA,0.7963118553,FP
data/chest_xray_224/test/NORMAL/NORMAL_175.jpeg,NORMAL,PNEUMONIA,0.9139574766,FP
data/chest_xray_224/test/NORMAL/NORMAL_176.jpeg,NORMAL,NORMAL,0.3005622923,TN
data/chest_xray_224/test/NORMAL/NORMAL_177.jpeg,NORMAL,NORMAL,0.4722115695,TN
data/chest_xray_224/test/NORMAL/NORMAL_178.jpeg,NORMAL,PNEUMONIA,0.9067654610,FP
data/chest_xray_224/test/NORMAL/NORMAL_179.jpeg,NORMAL,NORMAL,0.1669774801,TN
data/chest_xray_224/test/NORMAL/NORMAL_18.jpeg,NORMAL,PNEUMONIA,0.8155642748,FP
data/chest_xray_224/test/NORMAL/NORMAL_180.jpeg,NORMAL,NORMAL,0.0879483372,TN
data/chest_xray_224/test/NORMAL/NORMAL_181.jpeg,NORMAL,PNEUMONIA,0.5169331431,FP
data/chest_xray_224/test/NORMAL/NORMAL_182.jpeg,NORMAL,NORMAL,0.2074654847,TN
data/chest_xray_224/test/NORMAL/NORMAL_183.jpeg,NORMAL,PNEUMONIA,0.5988919139,FP
data/chest_xray_224/test/NORMAL/NORMAL_184.jpeg,NORMAL,PNEUMONIA,0.7018396258,FP
data/chest_xray_224/test/NORMAL/NORMAL_185.jpeg,NORMAL,NORMAL,0.2829413712,TN
data/chest_xray_224/test/NORMAL/NORMAL_186.jpeg,NORMAL,NORMAL,0.0754555911,TN
data/chest_xray_224/test/NORMAL/NORMAL_187.jpeg,NORMAL,NORMAL,0.2201659679,TN
data/chest_xray_224/test/NORMAL/NORMAL_188.jpeg,NORMAL,NORMAL,0.4622971714,TN
data/chest_xray_224/test/NORMAL/NORMAL_189.jpeg,NORMAL,PNEUMONIA,0.7458322644,FP
data/chest_xray_224/test/NORMAL/NORMAL_19.jpeg,NORMAL,PNEUMONIA,0.7691293955,FP
data/chest_xray_224/test/NORMAL/NORMAL_190.jpeg,NORMAL,NORMAL,0.4445835054,TN
data/chest_xray_224/test/NORMAL/NORMAL_191.jpeg,NORMAL,NORMAL,0.2933936417,TN
data/chest_xray_224/test/NORMAL/NORMAL_192.jpeg,NORMAL,PNEUMONIA,0.7016732097,FP
data/chest_xray_224/test/NORMAL/NORMAL_193.jpeg,NORMAL,NORMAL,0.0250841919,TN
data/chest_xray_224/test/NORMAL/NORMAL_194.jpeg,NORMAL,NORMAL,0.3472219706,TN
data/chest_xray_224/test/NORMAL/NORMAL_195.jpeg,NORMAL,NORMAL,0.4270505607,TN
data/chest_xray_224/test/NORMAL/NORMAL_196.jpeg,NORMAL,NORMAL,0.2386523783,TN
data/chest_xray_224/test/NORMAL/NORMAL_197.jpeg,NORMAL,PNEUMONIA,0.5517544150,FP
data/chest_xray_224/test/NORMAL/NORMAL_198.jpeg,NORMAL,PNEUMONIA,0.9125540853,FP
data/chest_xray_224/test/NORMAL/NORMAL_199.jpeg,NORMAL,NORMAL,0.4239311218,TN
data/chest_xray_224/test/NORMAL/NORMAL_2.jpeg,NORMAL,PNEUMONIA,0.9658384323,FP
data/chest_xray_224/test/NORMAL/NORMAL_20.jpeg,NORMAL,PNEUMONIA,0.9562732577,FP
data/chest_xray_224/test/NORMAL/NORMAL_200.jpeg,NORMAL,PNEUMONIA,0.7955330610,FP
data/chest_xray_224/test/NORMAL/NORMAL_201.jpeg,NORMAL,NORMAL,0.4762910306,TN
data/chest_xray_224/test/NORMAL/NORMAL_202.jpeg,NORMAL,NORMAL,0.4833368659,TN
data/chest_xray_224/test/NORMAL/NORMAL_203.jpeg,NORMAL,NORMAL,0.1670656800,TN
data/chest_xray_224/test/NORMAL/NORMAL_204.jpeg,NORMAL,NORMAL,0.0402195938,TN
data/chest_xray_224/test/NORMAL/NORMAL_205.jpeg,NORMAL,PNEUMONIA,0.6092252731,FP
data/chest_xray_224/test/NORMAL/NORMAL_206.jpeg,NORMAL,NORMAL,0.4971995652,TN
data/chest_xray_224/test/NORMAL/NORMAL_207.jpeg,NORMAL,PNEUMONIA,0.7551088333,FP
data/chest_xray_224/test/NORMAL/NORMAL_208.jpeg,NORMAL,NORMAL,0.4671362340,TN
data/chest_xray_224/test/NORMAL/NORMAL_209.jpeg,NORMAL,NORMAL,0.1339220554,TN
data/chest_xray_224/test/NORMAL/NORMAL_21.jpeg,NORMAL,NORMAL,0.1265057176,TN
data/chest_xray_224/test/NORMAL/NORMAL_210.jpeg,NORMAL,NORMAL,0.0315736607,TN
data/chest_xray_224/test/NORMAL/NORMAL_211.jpeg,NORMAL,NORMAL,0.4892301261,TN
data/chest_xray_224/test/NORMAL/NORMAL_212.jpeg,NORMAL,NORMAL,0.1390941739,TN
data/chest_xray_224/test/NORMAL/NORMAL_213.jpeg,NORMAL,PNEUMONIA,0.5796890259,FP
data/chest_xray_224/test/NORMAL/NORMAL_214.jpeg,NORMAL,PNEUMONIA,0.8192077875,FP
data/chest_xray_224/test/NORMAL/NORMAL_215.jpeg,NORMAL,NORMAL,0.1414590925,TN
data/chest_xray_224/test/NORMAL/NORMAL_216.jpeg,NORMAL,PNEUMONIA,0.9747874141,FP
data/chest_xray_224/test/NORMAL/NORMAL_217.jpeg,NORMAL,PNEUMONIA,0.9194287062,FP
data/chest_xray_224/test/NORMAL/NORMAL_218.jpeg,NORMAL,NORMAL,0.1300288886,TN
data/chest_xray_224/test/NORMAL/NORMAL_219.jpeg,NORMAL,NORMAL,0.1311444342,TN
data/chest_xray_224/test/NORMAL/NORMAL_22.jpeg,NORMAL,PNEUMONIA,0.9573937058,FP
data/chest_xray_224/test/NORMAL/NORMAL_220.jpeg,NORMAL,NORMAL,0.4071183205,TN
data/chest_xray_224/test/NORMAL/NORMAL_221.jpeg,NORMAL,NORMAL,0.0602424517,TN
data/chest_xray_224/test/NORMAL/NORMAL_222.jpeg,NORMAL,PNEUMONIA,0.7600995898,FP
data/chest_xray_224/test/NORMAL/NORMAL_223.jpeg,NORMAL,PNEUMONIA,0.9837164879,FP
data/chest_xray_224/test/NORMAL/NORMAL_224.jpeg,NORMAL,NORMAL,0.3554987311,TN
data/chest_xray_224/test/NORMAL/NORMAL_225.jpeg,NORMAL,NORMAL,0.2028367668,TN
data/chest_xray_224/test/NORMAL/NORMAL_226.jpeg,NORMAL,NORMAL,0.1681512892,TN
data/chest_xray_224/test/NORMAL/NORMAL_227.jpeg,NORMAL,PNEUMONIA,0.5765268207,FP
data/chest_xray_224/test/NORMAL/NORMAL_228.jpeg,NORMAL,PNEUMONIA,0.6726866961,FP
data/chest_xray_224/test/NORMAL/NORMAL_229.jpeg,NORMAL,NORMAL,0.2142957300,TN
data/chest_xray_224/test/NORMAL/NORMAL_23.jpeg,NORMAL,PNEUMONIA,0.7768599987,FP
data/chest_xray_224/test/NORMAL/NORMAL_230.jpeg,NORMAL,PNEUMONIA,0.8534936905,FP
data/chest_xray_224/test/NORMAL/NORMAL_231.jpeg,NORMAL,NORMAL,0.3480081260,TN
data/chest_xray_224/test/NORMAL/NORMAL_232.jpeg,NORMAL,PNEUMONIA,0.5590749979,FP
data/chest_xray_224/test/NORMAL/NORMAL_233.jpeg,NORMAL,PNEUMONIA,0.5758550167,FP
data/chest_xray_224/test/NORMAL/NORMAL_24.jpeg,NORMAL,PNEUMONIA,0.7648261189,FP
data/chest_xray_224/test/NORMAL/NORMAL_25.jpeg,NORMAL,NORMAL,0.4584389627,TN
data/chest_xray_224/test/NORMAL/NORMAL_26.jpeg,NORMAL,NORMAL,0.4619134963,TN
data/chest_xray_224/test/NORMAL/NORMAL_27.jpeg,NORMAL,NORMAL,0.1442607343,TN
data/chest_xray_224/test/NORMAL/NORMAL_28.jpeg,NORMAL,NORMAL,0.4231724739,TN
data/chest_xray_224/test/NORMAL/NORMAL_29.jpeg,NORMAL,NORMAL,0.2484155893,TN
data/chest_xray_224/test/NORMAL/NORMAL_3.jpeg,NORMAL,PNEUMONIA,0.8352786899,FP
data/chest_xray_224/test/NORMAL/NORMAL_30.jpeg,NORMAL,PNEUMONIA,0.5197336078,FP
data/chest_xray_224/test/NORMAL/NORMAL_31.jpeg,NORMAL,NORMAL,0.1080188230,TN
data/chest_xray_224/test/NORMAL/NORMAL_32.jpeg,NORMAL,NORMAL,0.1011946201,TN
data/chest_xray_224/test/NORMAL/NORMAL_33.jpeg,NORMAL,NORMAL,0.2600442171,TN
data/chest_xray_224/test/NORMAL/NORMAL_34.jpeg,NORMAL,NORMAL,0.2410516143,TN
data/chest_xray_224/test/NORMAL/NORMAL_35.jpeg,NORMAL,NORMAL,0.1412700117,TN
data/chest_xray_224/test/NORMAL/NORMAL_36.jpeg,NORMAL,PNEUMONIA,0.9241648912,FP
data/chest_xray_224/test/NORMAL/NORMAL_37.jpeg,NORMAL,NORMAL,0.2671099305,TN
data/chest_xray_224/test/NORMAL/NORMAL_38.jpeg,NORMAL,NORMAL,0.0557001308,TN
data/chest_xray_224/test/NORMAL/NORMAL_39.jpeg,NORMAL,NORMAL,0.0733172596,TN
data/chest_xray_224/test/NORMAL/NORMAL_4.jpeg,NORMAL,NORMAL,0.2470526099,TN
data/chest_xray_224/test/NORMAL/NORMAL_40.jpeg,NORMAL,NORMAL,0.0333841778,TN
data/chest_xray_224/test/NORMAL/NORMAL_41.jpeg,NORMAL,NORMAL,0.4613492489,TN
data/chest_xray_224/test/NORMAL/NORMAL_42.jpeg,NORMAL,PNEUMONIA,0.5221329331,FP
data/chest_xray_224/test/NORMAL/NORMAL_43.jpeg,NORMAL,PNEUMONIA,0.6195480227,FP
data/chest_xray_224/test/NORMAL/NORMAL_44.jpeg,NORMAL,NORMAL,0.3489599228,TN
data/chest_xray_224/test/NORMAL/NORMAL_45.jpeg,NORMAL,PNEUMONIA,0.8977048993,FP
data/chest_xray_224/test/NORMAL/NORMAL_46.jpeg,NORMAL,NORMAL,0.3598339856,TN
data/chest_xray_224/test/NORMAL/NORMAL_47.jpeg,NORMAL,NORMAL,0.1050180867,TN
data/chest_xray_224/test/NORMAL/NORMAL_48.jpeg,NORMAL,NORMAL,0.0905790552,TN
data/chest_xray_224/test/NORMAL/NORMAL_49.jpeg,NORMAL,PNEUMONIA,0.8154763579,FP
data/chest_xray_224/test/NORMAL/NORMAL_5.jpeg,NORMAL,NORMAL,0.4558897316,TN
data/chest_xray_224/test/NORMAL/NORMAL_50.jpeg,NORMAL,PNEUMONIA,0.8040860295,FP
data/chest_xray_224/test/NORMAL/NORMAL_51.jpeg,NORMAL,PNEUMONIA,0.6342172027,FP
data/chest_xray_224/test/NORMAL/NORMAL_52.jpeg,NORMAL,NORMAL,0.3668076098,TN
data/chest_xray_224/test/NORMAL/NORMAL_53.jpeg,NORMAL,PNEUMONIA,0.8265793324,FP
data/chest_xray_224/test/NORMAL/NORMAL_54.jpeg,NORMAL,NORMAL,0.1589819938,TN
data/chest_xray_224/test/NORMAL/NORMAL_55.jpeg,NORMAL,NORMAL,0.4060803950,TN
data/chest_xray_224/test/NORMAL/NORMAL_56.jpeg,NORMAL,NORMAL,0.4595657587,TN
data/chest_xray_224/test/NORMAL/NORMAL_57.jpeg,NORMAL,PNEUMONIA,0.7083237767,FP
data/chest_xray_224/test/NORMAL/NORMAL_58.jpeg,NORMAL,NORMAL,0.3781932592,TN
data/chest_xray_224/test/NORMAL/NORMAL_59.jpeg,NORMAL,NORMAL,0.3516409695,TN
data/chest_xray_224/test/NORMAL/NORMAL_6.jpeg,NORMAL,PNEUMONIA,0.6168912649,FP
data/chest_xray_224/test/NORMAL/NORMAL_60.jpeg,NORMAL,NORMAL,0.2540695369,TN
data/chest_xray_224/test/NORMAL/NORMAL_61.jpeg,NORMAL,PNEUMONIA,0.6790104508,FP
data/chest_xray_224/test/NORMAL/NORMAL_62.jpeg,NORMAL,PNEUMONIA,0.5892049074,FP
data/chest_xray_224/test/NORMAL/NORMAL_63.jpeg,NORMAL,PNEUMONIA,0.9195592999,FP
data/chest_xray_224/test/NORMAL/NORMAL_64.jpeg,NORMAL,PNEUMONIA,0.5740230083,FP
data/chest_xray_224/test/NORMAL/NORMAL_65.jpeg,NORMAL,NORMAL,0.4429009557,TN
data/chest_xray_224/test/NORMAL/NORMAL_66.jpeg,NORMAL,PNEUMONIA,0.8260535598,FP
data/chest_xray_224/test/NORMAL/NORMAL_67.jpeg,NORMAL,PNEUMONIA,0.5301417708,FP
data/chest_xray_224/test/NORMAL/NORMAL_68.jpeg,NORMAL,NORMAL,0.3333485126,TN
data/chest_xray_224/test/NORMAL/NORMAL_69.jpeg,NORMAL,PNEUMONIA,0.7189977765,FP
data/chest_xray_224/test/NORMAL/NORMAL_7.jpeg,NORMAL,PNEUMONIA,0.5111585855,FP
data/chest_xray_224/test/NORMAL/NORMAL_70.jpeg,NORMAL,NORMAL,0.3355344832,TN
data/chest_xray_224/test/NORMAL/NORMAL_71.jpeg,NORMAL,NORMAL,0.4564065933,TN
data/chest_xray_224/test/NORMAL/NORMAL_72.jpeg,NORMAL,PNEUMONIA,0.5591489077,FP
data/chest_xray_224/test/NORMAL/NORMAL_73.jpeg,NORMAL,NORMAL,0.4733835161,TN
data/chest_xray_224/test/NORMAL/NORMAL_74.jpeg,NORMAL,NORMAL,0.1745173633,TN
data/chest_xray_224/test/NORMAL/NORMAL_75.jpeg,NORMAL,NORMAL,0.2124966532,TN
data/chest_xray_224/test/NORMAL/NORMAL_76.jpeg,NORMAL,NORMAL,0.4215939343,TN
data/chest_xray_224/test/NORMAL/NORMAL_77.jpeg,NORMAL,NORMAL,0.0632720366,TN
data/chest_xray_224/test/NORMAL/NORMAL_78.jpeg,NORMAL,PNEUMONIA,0.8366933465,FP
data/chest_xray_224/test/NORMAL/NORMAL_79.jpeg,NORMAL,PNEUMONIA,0.9502650499,FP
data/chest_xray_224/test/NORMAL/NORMAL_8.jpeg,NORMAL,PNEUMONIA,0.6922056675,FP
data/chest_xray_224/test/NORMAL/NORMAL_80.jpeg,NORMAL,NORMAL,0.3549402356,TN
data/chest_xray_224/test/NORMAL/NORMAL_81.jpeg,NORMAL,PNEUMONIA,0.5568214655,FP
data/chest_xray_224/test/NORMAL/NORMAL_82.jpeg,NORMAL,NORMAL,0.0864480585,TN
data/chest_xray_224/test/NORMAL/NORMAL_83.jpeg,NORMAL,NORMAL,0.1847927421,TN
data/chest_xray_224/test/NORMAL/NORMAL_84.jpeg,NORMAL,PNEUMONIA,0.8920014501,FP
data/chest_xray_224/test/NORMAL/NORMAL_85.jpeg,NORMAL,PNEUMONIA,0.6643089652,FP
data/chest_xray_224/test/NORMAL/NORMAL_86.jpeg,NORMAL,NORMAL,0.2675738931,TN
data/chest_xray_224/test/NORMAL/NORMAL_87.jpeg,NORMAL,NORMAL,0.2144508362,TN
data/chest_xray_224/test/NORMAL/NORMAL_88.jpeg,NORMAL,NORMAL,0.0146899279,TN
data/chest_xray_224/test/NORMAL/NORMAL_89.jpeg,NORMAL,NORMAL,0.3932124376,TN
data/chest_xray_224/test/NORMAL/NORMAL_9.jpeg,NORMAL,NORMAL,0.1001205295,TN
data/chest_xray_224/test/NORMAL/NORMAL_90.jpeg,NORMAL,PNEUMONIA,0.5193637609,FP
data/chest_xray_224/test/NORMAL/NORMAL_91.jpeg,NORMAL,NORMAL,0.2469810843,TN
data/chest_xray_224/test/NORMAL/NORMAL_92.jpeg,NORMAL,NORMAL,0.3102337122,TN
data/chest_xray_224/test/NORMAL/NORMAL_93.jpeg,NORMAL,PNEUMONIA,0.8599534631,FP
data/chest_xray_224/test/NORMAL/NORMAL_94.jpeg,NORMAL,NORMAL,0.4646556079,TN
data/chest_xray_224/test/NORMAL/NORMAL_95.jpeg,NORMAL,NORMAL,0.0578555577,TN
data/chest_xray_224/test/NORMAL/NORMAL_96.jpeg,NORMAL,NORMAL,0.3265585303,TN
data/chest_xray_224/test/NORMAL/NORMAL_97.jpeg,NORMAL,NORMAL,0.3412957788,TN
data/chest_xray_224/test/NORMAL/NORMAL_98.jpeg,NORMAL,PNEUMONIA,0.6197367311,FP
data/chest_xray_224/test/NORMAL/NORMAL_99.jpeg,NORMAL,NORMAL,0.3323488832,TN
data/chest_xray_224/test/PNEUMONIA/PNEUMONIA_234.jpeg,PNEUMONIA,PNEUMONIA,0.8464564085,TP
data/chest_xray_224/test/PNEUMONIA/PNEUMONIA_235.jpeg,PNEUMONIA,PNEUMONIA,0.9638973475,TP
data/chest_xray_224/test/PNEUMONIA/PNEUMONIA_236.jpeg,PNEUMONIA,PNEUMONIA,0.6646934152,TP
data/chest_xray_224/test/PNEUMONIA/PNEUMONIA_237.jpeg,PNEUMONIA,PNEUMONIA,0.7365618944,TP
data/chest_xray_224/test/PNEUMONIA/PNEUMONIA_238.jpeg,PNEUMONIA,PNEUMONIA,0.9330539107,TP
data/chest_xray_224/test/PNEUMONIA/PNEUMONIA_239.jpeg,PNEUMONIA,PNEUMONIA,0.9820582271,TP
data/chest_xray_224/test/PNEUMONIA/PNEUMONIA_240.jpeg,PNEUMONIA,PNEUMONIA,0.9770984650,TP
data/chest_xray_224/test/PNEUMONIA/PNEUMONIA_241.jpeg,PNEUMONIA,PNEUMONIA,0.9655184746,TP
data/chest_xray_224/test/PNEUMONIA/PNEUMONIA_242.jpeg,PNEUMONIA,PNEUMONIA,0.9957556725,TP
data/chest_xray_224/test/PNEUMONIA/PNEUMONIA_243.jpeg,PNEUMONIA,PNEUMONIA,0.9926343560,TP
data/chest_xray_224/test/PNEUMONIA/PNEUMONIA_244.jpeg,PNEUMONIA,PNEUMONIA,0.9862538576,TP
data/chest_xray_224/test/PNEUMONIA/PNEUMONIA_245.jpeg,PNEUMONIA,PNEUMONIA,0.6746574640,TP
data/chest_xray_224/test/PNEUMONIA/PNEUMONIA_246.jpeg,PNEUMONIA,PNEUMONIA,0.8925877213,TP
data/chest_xray_224/test/PNEUMONIA/PNEUMONIA_247.jpeg,PNEUMONIA,PNEUMONIA,0.9070855975,TP
data/chest_xray_224/test/PNEUMONIA/PNEUMONIA_248.jpeg,PNEUMONIA,PNEUMONIA,0.9391745925,TP
data/chest_xray_224/test/PNEUMONIA/PNEUMONIA_249.jpeg,PNEUMONIA,PNEUMONIA,0.9743440151,TP
data/chest_xray_224/test/PNEUMONIA/PNEUMONIA_250.jpeg,PNEUMONIA,PNEUMONIA,0.9336566329,TP
data/chest_xray_224/test/PNEUMONIA/PNEUMONIA_251.jpeg,PNEUMONIA,PNEUMONIA,0.8656577468,TP
data/chest_xray_224/test/PNEUMONIA/PNEUMONIA_252.jpeg,PNEUMONIA,PNEUMONIA,0.9651385546,TP
data/chest_xray_224/test/PNEUMONIA/PNEUMONIA_253.jpeg,PNEUMONIA,PNEUMONIA,0.8064991236,TP
data/chest_xray_224/test/PNEUMONIA/PNEUMONIA_254.jpeg,PNEUMONIA,PNEUMONIA,0.9404155016,TP
data/chest_xray_224/test/PNEUMONIA/PNEUMONIA_255.jpeg,PNEUMONIA,PNEUMONIA,0.9663116932,TP
data/chest_xray_224/test/PNEUMONIA/PNEUMONIA_256.jpeg,PNEUMONIA,PNEUMONIA,0.5144518018,TP
data/chest_xray_224/test/PNEUMONIA/PNEUMONIA_257.jpeg,PNEUMONIA,PNEUMONIA,0.9515920877,TP
data/chest_xray_224/test/PNEUMONIA/PNEUMONIA_258.jpeg,PNEUMONIA,PNEUMONIA,0.9898571968,TP
data/chest_xray_224/test/PNEUMONIA/PNEUMONIA_259.jpeg,PNEUMONIA,PNEUMONIA,0.9917712808,TP
data/chest_xray_224/test/PNEUMONIA/PNEUMONIA_260.jpeg,PNEUMONIA,PNEUMONIA,0.9339480996,TP
data/chest_xray_224/test/PNEUMONIA/PNEUMONIA_261.jpeg,PNEUMONIA,PNEUMONIA,0.9831737876,TP
data/chest_xray_224/test/PNEUMONIA/PNEUMONIA_262.jpeg,PNEUMONIA,PNEUMONIA,0.9656936526,TP
data/chest_xray_224/test/PNEUMONIA/PNEUMONIA_263.jpeg,PNEUMONIA,PNEUMONIA,0.8533155322,TP
data/chest_xray_224/test/PNEUMONIA/PNEUMONIA_264.jpeg,PNEUMONIA,PNEUMONIA,0.6897557378,TP
data/chest_xray_224/test/PNEUMONIA/PNEUMONIA_265.jpeg,PNEUMONIA,PNEUMONIA,0.9684675336,TP
data/chest_xray_224/test/PNEUMONIA/PNEUMONIA_266.jpeg,PNEUMONIA,PNEUMONIA,0.9340308905,TP
data/chest_xray_224/test/PNEUMONIA/PNEUMONIA_267.jpeg,PNEUMONIA,PNEUMONIA,0.9064126611,TP
data/chest_xray_224/test/PNEUMONIA/PNEUMONIA_268.jpeg,PNEUMONIA,PNEUMONIA,0.8214966655,TP
data/chest_xray_224/test/PNEUMONIA/PNEUMONIA_269.jpeg,PNEUMONIA,PNEUMONIA,0.8809756637,TP
data/chest_xray_224/test/PNEUMONIA/PNEUMONIA_270.jpeg,PNEUMONIA,PNEUMONIA,0.9632757902,TP
data/chest_xray_224/test/PNEUMONIA/PNEUMONIA_271.jpeg,PNEUMONIA,PNEUMONIA,0.6804960370,TP
data/chest_xray_224/test/PNEUMONIA/PNEUMONIA_272.jpeg,PNEUMONIA,PNEUMONIA,0.9791635871,TP
data/chest_xray_224/test/PNEUMONIA/PNEUMONIA_273.jpeg,PNEUMONIA,PNEUMONIA,0.8948334455,TP
data/chest_xray_224/test/PNEUMONIA/PNEUMONIA_274.jpeg,PNEUMONIA,PNEUMONIA,0.7690770030,TP
data/chest_xray_224/test/PNEUMONIA/PNEUMONIA_275.jpeg,PNEUMONIA,PNEUMONIA,0.9713371992,TP
data/chest_xray_224/test/PNEUMONIA/PNEUMONIA_276.jpeg,PNEUMONIA,PNEUMONIA,0.9889660478,TP
data/chest_xray_224/test/PNEUMONIA/PNEUMONIA_277.jpeg,PNEUMONIA,PNEUMONIA,0.5486696959,TP
data/chest_xray_224/test/PNEUMONIA/PNEUMONIA_278.jpeg,PNEUMONIA,PNEUMONIA,0.8659970760,TP
data/chest_xray_224/test/PNEUMONIA/PNEUMONIA_279.jpeg,PNEUMONIA,PNEUMONIA,0.8471247554,TP
data/chest_xray_224/test/PNEUMONIA/PNEUMONIA_280.jpeg,PNEUMONIA,PNEUMONIA,0.9182444215,TP
data/chest_xray_224/test/PNEUMONIA/PNEUMONIA_281.jpeg,PNEUMONIA,PNEUMONIA,0.9752556682,TP
data/chest_xray_224/test/PNEUMONIA/PNEUMONIA_282.jpeg,PNEUMONIA,PNEUMONIA,0.8860113025,TP
data/chest_xray_224/test/PNEUMONIA/PNEUMONIA_283.jpeg,PNEUMONIA,PNEUMONIA,0.9700432420,TP
data/chest_xray_224/test/PNEUMONIA/PNEUMONIA_284.jpeg,PNEUMONIA,PNEUMONIA,0.9766005278,TP
data/chest_xray_224/test/PNEUMONIA/PNEUMONIA_285.jpeg,PNEUMONIA,PNEUMONIA,0.9725508690,TP
data/chest_xray_224/test/PNEUMONIA/PNEUMONIA_286.jpeg,PNEUMONIA,PNEUMONIA,0.9513350725,TP
data/chest_xray_224/test/PNEUMONIA/PNEUMONIA_287.jpeg,PNEUMONIA,PNEUMONIA,0.9616384506,TP
data/chest_xray_224/test/PNEUMONIA/PNEUMONIA_288.jpeg,PNEUMONIA,PNEUMONIA,0.9419573545,TP
data/chest_xray_224/test/PNEUMONIA/PNEUMONIA_289.jpeg,PNEUMONIA,PNEUMONIA,0.9785957336,TP
data/chest_xray_224/test/PNEUMONIA/PNEUMONIA_290.jpeg,PNEUMONIA,PNEUMONIA,0.9243919253,TP
data/chest_xray_224/test/PNEUMONIA/PNEUMONIA_291.jpeg,PNEUMONIA,PNEUMONIA,0.9722666740,TP
data/chest_xray_224/test/PNEUMONIA/PNEUMONIA_292.jpeg,PNEUMONIA,PNEUMONIA,0.6629047990,TP
data/chest_xray_224/test/PNEUMONIA/PNEUMONIA_293.jpeg,PNEUMONIA,PNEUMONIA,0.9470974803,TP
data/chest_xray_224/test/PNEUMONIA/PNEUMONIA_294.jpeg,PNEUMONIA,PNEUMONIA,0.9592655897,TP
data/chest_xray_224/test/PNEUMONIA/PNEUMONIA_295.jpeg,PNEUMONIA,PNEUMONIA,0.8999124765,TP
data/chest_xray_224/test/PNEUMONIA/PNEUMONIA_296.jpeg,PNEUMONIA,PNEUMONIA,0.9929392338,TP
data/chest_xray_224/test/PNEUMONIA/PNEUMONIA_297.jpeg,PNEUMONIA,PNEUMONIA,0.8862835169,TP
data/chest_xray_224/test/PNEUMONIA/PNEUMONIA_298.jpeg,PNEUMONIA,PNEUMONIA,0.9974441528,TP
data/chest_xray_224/test/PNEUMONIA/PNEUMONIA_299.jpeg,PNEUMONIA,PNEUMONIA,0.9984721541,TP
data/chest_xray_224/test/PNEUMONIA/PNEUMONIA_300.jpeg,PNEUMONIA,PNEUMONIA,0.9988692403,TP
data/chest_xray_224/test/PNEUMONIA/PNEUMONIA_301.jpeg,PNEUMONIA,PNEUMONIA,0.9768722057,TP
data/chest_xray_224/test/PNEUMONIA/PNEUMONIA_302.jpeg,PNEUMONIA,PNEUMONIA,0.9142272472,TP
data/chest_xray_224/test/PNEUMONIA/PNEUMONIA_303.jpeg,PNEUMONIA,PNEUMONIA,0.9971022010,TP
data/chest_xray_224/test/PNEUMONIA/PNEUMONIA_304.jpeg,PNEUMONIA,PNEUMONIA,0.9964273572,TP
data/chest_xray_224/test/PNEUMONIA/PNEUMONIA_305.jpeg,PNEUMONIA,PNEUMONIA,0.9857250452,TP
data/chest_xray_224/test/PNEUMONIA/PNEUMONIA_306.jpeg,PNEUMONIA,PNEUMONIA,0.9633677006,TP
data/chest_xray_224/test/PNEUMONIA/PNEUMONIA_307.jpeg,PNEUMONIA,PNEUMONIA,0.9633677006,TP
data/chest_xray_224/test/PNEUMONIA/PNEUMONIA_308.jpeg,PNEUMONIA,PNEUMONIA,0.8472875953,TP
data/chest_xray_224/test/PNEUMONIA/PNEUMONIA_309.jpeg,PNEUMONIA,PNEUMONIA,0.9214462638,TP
data/chest_xray_224/test/PNEUMONIA/PNEUMONIA_310.jpeg,PNEUMONIA,PNEUMONIA,0.9090130925,TP
data/chest_xray_224/test/PNEUMONIA/PNEUMONIA_311.jpeg,PNEUMONIA,PNEUMONIA,0.7758294940,TP
data/chest_xray_224/test/PNEUMONIA/PNEUMONIA_312.jpeg,PNEUMONIA,PNEUMONIA,0.8603963256,TP
data/chest_xray_224/test/PNEUMONIA/PNEUMONIA_313.jpeg,PNEUMONIA,PNEUMONIA,0.8327629566,TP
data/chest_xray_224/test/PNEUMONIA/PNEUMONIA_314.jpeg,PNEUMONIA,PNEUMONIA,0.7775742412,TP
data/chest_xray_224/test/PNEUMONIA/PNEUMONIA_315.jpeg,PNEUMONIA,PNEUMONIA,0.9956139326,TP
data/chest_xray_224/test/PNEUMONIA/PNEUMONIA_316.jpeg,PNEUMONIA,PNEUMONIA,0.9924451709,TP
data/chest_xray_224/test/PNEUMONIA/PNEUMONIA_317.jpeg,PNEUMONIA,PNEUMONIA,0.9870417118,TP
data/chest_xray_224/test/PNEUMONIA/PNEUMONIA_318.jpeg,PNEUMONIA,PNEUMONIA,0.9716344476,TP
data/chest_xray_224/test/PNEUMONIA/PNEUMONIA_319.jpeg,PNEUMONIA,PNEUMONIA,0.7970143557,TP
data/chest_xray_224/test/PNEUMONIA/PNEUMONIA_320.jpeg,PNEUMONIA,PNEUMONIA,0.9920452833,TP
data/chest_xray_224/test/PNEUMONIA/PNEUMONIA_321.jpeg,PNEUMONIA,PNEUMONIA,0.9639293551,TP
data/chest_xray_224/test/PNEUMONIA/PNEUMONIA_322.jpeg,PNEUMONIA,PNEUMONIA,0.9952476621,TP
data/chest_xray_224/test/PNEUMONIA/PNEUMONIA_323.jpeg,PNEUMONIA,PNEUMONIA,0.9619266391,TP
data/chest_xray_224/test/PNEUMONIA/PNEUMONIA_324.jpeg,PNEUMONIA,PNEUMONIA,0.9347202778,TP
data/chest_xray_224/test/PNEUMONIA/PNEUMONIA_325.jpeg,PNEUMONIA,PNEUMONIA,0.9052804112,TP
data/chest_xray_224/test/PNEUMONIA/PNEUMONIA_326.jpeg,PNEUMONIA,PNEUMONIA,0.9753025174,TP
data/chest_xray_224/test/PNEUMONIA/PNEUMONIA_327.jpeg,PNEUMONIA,PNEUMONIA,0.9740598202,TP
data/chest_xray_224/test/PNEUMONIA/PNEUMONIA_328.jpeg,PNEUMONIA,PNEUMONIA,0.9878755212,TP
data/chest_xray_224/test/PNEUMONIA/PNEUMONIA_329.jpeg,PNEUMONIA,PNEUMONIA,0.9677627087,TP
data/chest_xray_224/test/PNEUMONIA/PNEUMONIA_330.jpeg,PNEUMONIA,PNEUMONIA,0.7856191397,TP
data/chest_xray_224/test/PNEUMONIA/PNEUMONIA_331.jpeg,PNEUMONIA,PNEUMONIA,0.8137237430,TP
data/chest_xray_224/test/PNEUMONIA/PNEUMONIA_332.jpeg,PNEUMONIA,PNEUMONIA,0.9458895326,TP
data/chest_xray_224/test/PNEUMONIA/PNEUMONIA_333.jpeg,PNEUMONIA,PNEUMONIA,0.8256222010,TP
data/chest_xray_224/test/PNEUMONIA/PNEUMONIA_334.jpeg,PNEUMONIA,PNEUMONIA,0.8927429914,TP
data/chest_xray_224/test/PNEUMONIA/PNEUMONIA_335.jpeg,PNEUMONIA,PNEUMONIA,0.9337393641,TP
data/chest_xray_224/test/PNEUMONIA/PNEUMONIA_336.jpeg,PNEUMONIA,PNEUMONIA,0.6881064773,TP
data/chest_xray_224/test/PNEUMONIA/PNEUMONIA_337.jpeg,PNEUMONIA,PNEUMONIA,0.8705132604,TP
data/chest_xray_224/test/PNEUMONIA/PNEUMONIA_338.jpeg,PNEUMONIA,PNEUMONIA,0.8566938043,TP
data/chest_xray_224/test/PNEUMONIA/PNEUMONIA_339.jpeg,PNEUMONIA,NORMAL,0.3184357285,FN
data/chest_xray_224/test/PNEUMONIA/PNEUMONIA_340.jpeg,PNEUMONIA,PNEUMONIA,0.9760453105,TP
data/chest_xray_224/test/PNEUMONIA/PNEUMONIA_341.jpeg,PNEUMONIA,PNEUMONIA,0.9846872687,TP
data/chest_xray_224/test/PNEUMONIA/PNEUMONIA_342.jpeg,PNEUMONIA,PNEUMONIA,0.9041121006,TP
data/chest_xray_224/test/PNEUMONIA/PNEUMONIA_343.jpeg,PNEUMONIA,PNEUMONIA,0.9788765907,TP
data/chest_xray_224/test/PNEUMONIA/PNEUMONIA_344.jpeg,PNEUMONIA,PNEUMONIA,0.9685193896,TP
data/chest_xray_224/test/PNEUMONIA/PNEUMONIA_345.jpeg,PNEUMONIA,PNEUMONIA,0.9932444692,TP
data/chest_xray_224/test/PNEUMONIA/PNEUMONIA_346.jpeg,PNEUMONIA,PNEUMONIA,0.9912614822,TP
data/chest_xray_224/test/PNEUMONIA/PNEUMONIA_347.jpeg,PNEUMONIA,PNEUMONIA,0.9119854569,TP
data/chest_xray_224/test/PNEUMONIA/PNEUMONIA_348.jpeg,PNEUMONIA,PNEUMONIA,0.9185619354,TP
data/chest_xray_224/test/PNEUMONIA/PNEUMONIA_349.jpeg,PNEUMONIA,PNEUMONIA,0.9566335678,TP
data/chest_xray_224/test/PNEUMONIA/PNEUMONIA_350.jpeg,PNEUMONIA,PNEUMONIA,0.9339882731,TP
data/chest_xray_224/test/PNEUMONIA/PNEUMONIA_351.jpeg,PNEUMONIA,PNEUMONIA,0.8534592986,TP
data/chest_xray_224/test/PNEUMONIA/PNEUMONIA_352.jpeg,PNEUMONIA,PNEUMONIA,0.8575567603,TP
data/chest_xray_224/test/PNEUMONIA/PNEUMONIA_353.jpeg,PNEUMONIA,PNEUMONIA,0.9686704874,TP
data/chest_xray_224/test/PNEUMONIA/PNEUMONIA_354.jpeg,PNEUMONIA,PNEUMONIA,0.8056482077,TP
data/chest_xray_224/test/PNEUMONIA/PNEUMONIA_355.jpeg,PNEUMONIA,PNEUMONIA,0.6873114109,TP
data/chest_xray_224/test/PNEUMONIA/PNEUMONIA_356.jpeg,PNEUMONIA,PNEUMONIA,0.8753449321,TP
data/chest_xray_224/test/PNEUMONIA/PNEUMONIA_357.jpeg,PNEUMONIA,PNEUMONIA,0.6869360805,TP
data/chest_xray_224/test/PNEUMONIA/PNEUMONIA_358.jpeg,PNEUMONIA,PNEUMONIA,0.9601613283,TP
data/chest_xray_224/test/PNEUMONIA/PNEUMONIA_359.jpeg,PNEUMONIA,PNEUMONIA,0.8349415660,TP
data/chest_xray_224/test/PNEUMONIA/PNEUMONIA_360.jpeg,PNEUMONIA,PNEUMONIA,0.9860003591,TP
data/chest_xray_224/test/PNEUMONIA/PNEUMONIA_361.jpeg,PNEUMONIA,PNEUMONIA,0.9710364342,TP
data/chest_xray_224/test/PNEUMONIA/PNEUMONIA_362.jpeg,PNEUMONIA,PNEUMONIA,0.8276944757,TP
data/chest_xray_224/test/PNEUMONIA/PNEUMONIA_363.jpeg,PNEUMONIA,PNEUMONIA,0.8386806250,TP
data/chest_xray_224/test/PNEUMONIA/PNEUMONIA_364.jpeg,PNEUMONIA,PNEUMONIA,0.9461757541,TP
data/chest_xray_224/test/PNEUMONIA/PNEUMONIA_365.jpeg,PNEUMONIA,PNEUMONIA,0.9487931728,TP
data/chest_xray_224/test/PNEUMONIA/PNEUMONIA_366.jpeg,PNEUMONIA,PNEUMONIA,0.9422073960,TP
data/chest_xray_224/test/PNEUMONIA/PNEUMONIA_367.jpeg,PNEUMONIA,PNEUMONIA,0.9734592438,TP
data/chest_xray_224/test/PNEUMONIA/PNEUMONIA_368.jpeg,PNEUMONIA,PNEUMONIA,0.5648738146,TP
data/chest_xray_224/test/PNEUMONIA/PNEUMONIA_369.jpeg,PNEUMONIA,PNEUMONIA,0.9670265317,TP
data/chest_xray_224/test/PNEUMONIA/PNEUMONIA_370.jpeg,PNEUMONIA,PNEUMONIA,0.8892316818,TP
data/chest_xray_224/test/PNEUMONIA/PNEUMONIA_371.jpeg,PNEUMONIA,PNEUMONIA,0.9023323059,TP
data/chest_xray_224/test/PNEUMONIA/PNEUMONIA_372.jpeg,PNEUMONIA,PNEUMONIA,0.9395347834,TP
data/chest_xray_224/test/PNEUMONIA/PNEUMONIA_373.jpeg,PNEUMONIA,PNEUMONIA,0.9540414810,TP
data/chest_xray_224/test/PNEUMONIA/PNEUMONIA_374.jpeg,PNEUMONIA,PNEUMONIA,0.9933342934,TP
data/chest_xray_224/test/PNEUMONIA/PNEUMONIA_375.jpeg,PNEUMONIA,PNEUMONIA,0.8669469953,TP
data/chest_xray_224/test/PNEUMONIA/PNEUMONIA_376.jpeg,PNEUMONIA,PNEUMONIA,0.8999336958,TP
data/chest_xray_224/test/PNEUMONIA/PNEUMONIA_377.jpeg,PNEUMONIA,PNEUMONIA,0.9814710021,TP
data/chest_xray_224/test/PNEUMONIA/PNEUMONIA_378.jpeg,PNEUMONIA,PNEUMONIA,0.8345211148,TP
data/chest_xray_224/test/PNEUMONIA/PNEUMONIA_379.jpeg,PNEUMONIA,PNEUMONIA,0.9719523787,TP
data/chest_xray_224/test/PNEUMONIA/PNEUMONIA_380.jpeg,PNEUMONIA,PNEUMONIA,0.9477095008,TP
data/chest_xray_224/test/PNEUMONIA/PNEUMONIA_381.jpeg,PNEUMONIA,PNEUMONIA,0.9989570379,TP
data/chest_xray_224/test/PNEUMONIA/PNEUMONIA_382.jpeg,PNEUMONIA,PNEUMONIA,0.9924443364,TP
data/chest_xray_224/test/PNEUMONIA/PNEUMONIA_383.jpeg,PNEUMONIA,PNEUMONIA,0.9432564378,TP
data/chest_xray_224/test/PNEUMONIA/PNEUMONIA_384.jpeg,PNEUMONIA,PNEUMONIA,0.9983276725,TP
data/chest_xray_224/test/PNEUMONIA/PNEUMONIA_385.jpeg,PNEUMONIA,PNEUMONIA,0.9864487052,TP
data/chest_xray_224/test/PNEUMONIA/PNEUMONIA_386.jpeg,PNEUMONIA,PNEUMONIA,0.7990164161,TP
data/chest_xray_224/test/PNEUMONIA/PNEUMONIA_387.jpeg,PNEUMONIA,PNEUMONIA,0.9633699059,TP
data/chest_xray_224/test/PNEUMONIA/PNEUMONIA_388.jpeg,PNEUMONIA,PNEUMONIA,0.5168693662,TP
data/chest_xray_224/test/PNEUMONIA/PNEUMONIA_389.jpeg,PNEUMONIA,PNEUMONIA,0.6951790452,TP
data/chest_xray_224/test/PNEUMONIA/PNEUMONIA_390.jpeg,PNEUMONIA,PNEUMONIA,0.5284484625,TP
data/chest_xray_224/test/PNEUMONIA/PNEUMONIA_391.jpeg,PNEUMONIA,PNEUMONIA,0.9587959051,TP
data/chest_xray_224/test/PNEUMONIA/PNEUMONIA_392.jpeg,PNEUMONIA,PNEUMONIA,0.8910831809,TP
data/chest_xray_224/test/PNEUMONIA/PNEUMONIA_393.jpeg,PNEUMONIA,PNEUMONIA,0.9777910113,TP
data/chest_xray_224/test/PNEUMONIA/PNEUMONIA_394.jpeg,PNEUMONIA,PNEUMONIA,0.8918805122,TP
data/chest_xray_224/test/PNEUMONIA/PNEUMONIA_395.jpeg,PNEUMONIA,PNEUMONIA,0.9491612315,TP
data/chest_xray_224/test/PNEUMONIA/PNEUMONIA_396.jpeg,PNEUMONIA,PNEUMONIA,0.9806467295,TP
data/chest_xray_224/test/PNEUMONIA/PNEUMONIA_397.jpeg,PNEUMONIA,PNEUMONIA,0.6957339048,TP
data/chest_xray_224/test/PNEUMONIA/PNEUMONIA_398.jpeg,PNEUMONIA,PNEUMONIA,0.9447308183,TP
data/chest_xray_224/test/PNEUMONIA/PNEUMONIA_399.jpeg,PNEUMONIA,PNEUMONIA,0.9870276451,TP
data/chest_xray_224/test/PNEUMONIA/PNEUMONIA_400.jpeg,PNEUMONIA,PNEUMONIA,0.8617512584,TP
data/chest_xray_224/test/PNEUMONIA/PNEUMONIA_401.jpeg,PNEUMONIA,PNEUMONIA,0.9192034006,TP
data/chest_xray_224/test/PNEUMONIA/PNEUMONIA_402.jpeg,PNEUMONIA,PNEUMONIA,0.9547597766,TP
data/chest_xray_224/test/PNEUMONIA/PNEUMONIA_403.jpeg,PNEUMONIA,PNEUMONIA,0.9171975255,TP
data/chest_xray_224/test/PNEUMONIA/PNEUMONIA_404.jpeg,PNEUMONIA,PNEUMONIA,0.9919763207,TP
data/chest_xray_224/test/PNEUMONIA/PNEUMONIA_405.jpeg,PNEUMONIA,PNEUMONIA,0.8969689608,TP
data/chest_xray_224/test/PNEUMONIA/PNEUMONIA_406.jpeg,PNEUMONIA,PNEUMONIA,0.9863255620,TP
data/chest_xray_224/test/PNEUMONIA/PNEUMONIA_407.jpeg,PNEUMONIA,PNEUMONIA,0.9771386385,TP
data/chest_xray_224/test/PNEUMONIA/PNEUMONIA_408.jpeg,PNEUMONIA,PNEUMONIA,0.9192825556,TP
data/chest_xray_224/test/PNEUMONIA/PNEUMONIA_409.jpeg,PNEUMONIA,PNEUMONIA,0.8800296187,TP
data/chest_xray_224/test/PNEUMONIA/PNEUMONIA_410.jpeg,PNEUMONIA,PNEUMONIA,0.9887224436,TP
data/chest_xray_224/test/PNEUMONIA/PNEUMONIA_411.jpeg,PNEUMONIA,PNEUMONIA,0.7632547617,TP
data/chest_xray_224/test/PNEUMONIA/PNEUMONIA_412.jpeg,PNEUMONIA,PNEUMONIA,0.9311549067,TP
data/chest_xray_224/test/PNEUMONIA/PNEUMONIA_413.jpeg,PNEUMONIA,PNEUMONIA,0.9750890136,TP
data/chest_xray_224/test/PNEUMONIA/PNEUMONIA_414.jpeg,PNEUMONIA,PNEUMONIA,0.9523674846,TP
data/chest_xray_224/test/PNEUMONIA/PNEUMONIA_415.jpeg,PNEUMONIA,PNEUMONIA,0.9765997529,TP
data/chest_xray_224/test/PNEUMONIA/PNEUMONIA_416.jpeg,PNEUMONIA,PNEUMONIA,0.8946571946,TP
data/chest_xray_224/test/PNEUMONIA/PNEUMONIA_417.jpeg,PNEUMONIA,PNEUMONIA,0.7593517900,TP
data/chest_xray_224/test/PNEUMONIA/PNEUMONIA_418.jpeg,PNEUMONIA,PNEUMONIA,0.5131978393,TP
data/chest_xray_224/test/PNEUMONIA/PNEUMONIA_419.jpeg,PNEUMONIA,NORMAL,0.3697363436,FN
data/chest_xray_224/test/PNEUMONIA/PNEUMONIA_420.jpeg,PNEUMONIA,PNEUMONIA,0.6995486617,TP
data/chest_xray_224/test/PNEUMONIA/PNEUMONIA_421.jpeg,PNEUMONIA,PNEUMONIA,0.9557746053,TP
data/chest_xray_224/test/PNEUMONIA/PNEUMONIA_422.jpeg,PNEUMONIA,PNEUMONIA,0.6180608869,TP
data/chest_xray_224/test/PNEUMONIA/PNEUMONIA_423.jpeg,PNEUMONIA,PNEUMONIA,0.7233111262,TP
data/chest_xray_224/test/PNEUMONIA/PNEUMONIA_424.jpeg,PNEUMONIA,PNEUMONIA,0.7233111262,TP
data/chest_xray_224/test/PNEUMONIA/PNEUMONIA_425.jpeg,PNEUMONIA,PNEUMONIA,0.9102699161,TP
data/chest_xray_224/test/PNEUMONIA/PNEUMONIA_426.jpeg,PNEUMONIA,PNEUMONIA,0.9671950936,TP
data/chest_xray_224/test/PNEUMONIA/PNEUMONIA_427.jpeg,PNEUMONIA,PNEUMONIA,0.9719113708,TP
data/chest_xray_224/test/PNEUMONIA/PNEUMONIA_428.jpeg,PNEUMONIA,PNEUMONIA,0.9698806405,TP
data/chest_xray_224/test/PNEUMONIA/PNEUMONIA_429.jpeg,PNEUMONIA,PNEUMONIA,0.9603489637,TP
data/chest_xray_224/test/PNEUMONIA/PNEUMONIA_430.jpeg,PNEUMONIA,PNEUMONIA,0.8378183842,TP
data/chest_xray_224/test/PNEUMONIA/PNEUMONIA_431.jpeg,PNEUMONIA,PNEUMONIA,0.9074628353,TP
data/chest_xray_224/test/PNEUMONIA/PNEUMONIA_432.jpeg,PNEUMONIA,PNEUMONIA,0.9452158213,TP
data/chest_xray_224/test/PNEUMONIA/PNEUMONIA_433.jpeg,PNEUMONIA,PNEUMONIA,0.9934141040,TP
data/chest_xray_224/test/PNEUMONIA/PNEUMONIA_434.jpeg,PNEUMONIA,PNEUMONIA,0.9790488482,TP
data/chest_xray_224/test/PNEUMONIA/PNEUMONIA_435.jpeg,PNEUMONIA,PNEUMONIA,0.9558067322,TP
data/chest_xray_224/test/PNEUMONIA/PNEUMONIA_436.jpeg,PNEUMONIA,PNEUMONIA,0.8495263457,TP
data/chest_xray_224/test/PNEUMONIA/PNEUMONIA_437.jpeg,PNEUMONIA,PNEUMONIA,0.6725884676,TP
data/chest_xray_224/test/PNEUMONIA/PNEUMONIA_438.jpeg,PNEUMONIA,PNEUMONIA,0.9833266139,TP
data/chest_xray_224/test/PNEUMONIA/PNEUMONIA_439.jpeg,PNEUMONIA,PNEUMONIA,0.9176340103,TP
data/chest_xray_224/test/PNEUMONIA/PNEUMONIA_440.jpeg,PNEUMONIA,PNEUMONIA,0.9096522927,TP
data/chest_xray_224/test/PNEUMONIA/PNEUMONIA_441.jpeg,PNEUMONIA,PNEUMONIA,0.9350752831,TP
data/chest_xray_224/test/PNEUMONIA/PNEUMONIA_442.jpeg,PNEUMONIA,PNEUMONIA,0.8204315305,TP
data/chest_xray_224/test/PNEUMONIA/PNEUMONIA_443.jpeg,PNEUMONIA,PNEUMONIA,0.8201199770,TP
data/chest_xray_224/test/PNEUMONIA/PNEUMONIA_444.jpeg,PNEUMONIA,PNEUMONIA,0.6480180025,TP
data/chest_xray_224/test/PNEUMONIA/PNEUMONIA_445.jpeg,PNEUMONIA,PNEUMONIA,0.9040827751,TP
data/chest_xray_224/test/PNEUMONIA/PNEUMONIA_446.jpeg,PNEUMONIA,PNEUMONIA,0.8507746458,TP
data/chest_xray_224/test/PNEUMONIA/PNEUMONIA_447.jpeg,PNEUMONIA,PNEUMONIA,0.9187174439,TP
data/chest_xray_224/test/PNEUMONIA/PNEUMONIA_448.jpeg,PNEUMONIA,PNEUMONIA,0.9745550156,TP
data/chest_xray_224/test/PNEUMONIA/PNEUMONIA_449.jpeg,PNEUMONIA,PNEUMONIA,0.9345389009,TP
data/chest_xray_224/test/PNEUMONIA/PNEUMONIA_450.jpeg,PNEUMONIA,PNEUMONIA,0.9223749042,TP
data/chest_xray_224/test/PNEUMONIA/PNEUMONIA_451.jpeg,PNEUMONIA,PNEUMONIA,0.8956421018,TP
data/chest_xray_224/test/PNEUMONIA/PNEUMONIA_452.jpeg,PNEUMONIA,PNEUMONIA,0.9460637569,TP
data/chest_xray_224/test/PNEUMONIA/PNEUMONIA_453.jpeg,PNEUMONIA,PNEUMONIA,0.9349590540,TP
data/chest_xray_224/test/PNEUMONIA/PNEUMONIA_454.jpeg,PNEUMONIA,PNEUMONIA,0.7176749706,TP
data/chest_xray_224/test/PNEUMONIA/PNEUMONIA_455.jpeg,PNEUMONIA,PNEUMONIA,0.9569722414,TP
data/chest_xray_224/test/PNEUMONIA/PNEUMONIA_456.jpeg,PNEUMONIA,PNEUMONIA,0.9468843937,TP
data/chest_xray_224/test/PNEUMONIA/PNEUMONIA_457.jpeg,PNEUMONIA,PNEUMONIA,0.8842942715,TP
data/chest_xray_224/test/PNEUMONIA/PNEUMONIA_458.jpeg,PNEUMONIA,PNEUMONIA,0.8734586835,TP
data/chest_xray_224/test/PNEUMONIA/PNEUMONIA_459.jpeg,PNEUMONIA,PNEUMONIA,0.8401007056,TP
data/chest_xray_224/test/PNEUMONIA/PNEUMONIA_460.jpeg,PNEUMONIA,PNEUMONIA,0.8650534749,TP
data/chest_xray_224/test/PNEUMONIA/PNEUMONIA_461.jpeg,PNEUMONIA,PNEUMONIA,0.9476286769,TP
data/chest_xray_224/test/PNEUMONIA/PNEUMONIA_462.jpeg,PNEUMONIA,PNEUMONIA,0.6322295070,TP
data/chest_xray_224/test/PNEUMONIA/PNEUMONIA_463.jpeg,PNEUMONIA,PNEUMONIA,0.9594504833,TP
data/chest_xray_224/test/PNEUMONIA/PNEUMONIA_464.jpeg,PNEUMONIA,PNEUMONIA,0.9802007675,TP
data/chest_xray_224/test/PNEUMONIA/PNEUMONIA_465.jpeg,PNEUMONIA,PNEUMONIA,0.9910079837,TP
data/chest_xray_224/test/PNEUMONIA/PNEUMONIA_466.jpeg,PNEUMONIA,PNEUMONIA,0.9810889959,TP
data/chest_xray_224/test/PNEUMONIA/PNEUMONIA_467.jpeg,PNEUMONIA,PNEUMONIA,0.9952605367,TP
data/chest_xray_224/test/PNEUMONIA/PNEUMONIA_468.jpeg,PNEUMONIA,PNEUMONIA,0.9565542936,TP
data/chest_xray_224/test/PNEUMONIA/PNEUMONIA_469.jpeg,PNEUMONIA,PNEUMONIA,0.9468393922,TP
data/chest_xray_224/test/PNEUMONIA/PNEUMONIA_470.jpeg,PNEUMONIA,PNEUMONIA,0.9436831474,TP
data/chest_xray_224/test/PNEUMONIA/PNEUMONIA_471.jpeg,PNEUMONIA,PNEUMONIA,0.8970237374,TP
data/chest_xray_224/test/PNEUMONIA/PNEUMONIA_472.jpeg,PNEUMONIA,PNEUMONIA,0.8622029424,TP
data/chest_xray_224/test/PNEUMONIA/PNEUMONIA_473.jpeg,PNEUMONIA,PNEUMONIA,0.9763546586,TP
data/chest_xray_224/test/PNEUMONIA/PNEUMONIA_474.jpeg,PNEUMONIA,PNEUMONIA,0.9866322875,TP
data/chest_xray_224/test/PNEUMONIA/PNEUMONIA_475.jpeg,PNEUMONIA,PNEUMONIA,0.9619335532,TP
data/chest_xray_224/test/PNEUMONIA/PNEUMONIA_476.jpeg,PNEUMONIA,PNEUMONIA,0.9841018319,TP
data/chest_xray_224/test/PNEUMONIA/PNEUMONIA_477.jpeg,PNEUMONIA,PNEUMONIA,0.7433549166,TP
data/chest_xray_224/test/PNEUMONIA/PNEUMONIA_478.jpeg,PNEUMONIA,PNEUMONIA,0.8777736425,TP
data/chest_xray_224/test/PNEUMONIA/PNEUMONIA_479.jpeg,PNEUMONIA,PNEUMONIA,0.9237254858,TP
data/chest_xray_224/test/PNEUMONIA/PNEUMONIA_480.jpeg,PNEUMONIA,PNEUMONIA,0.9770587087,TP
data/chest_xray_224/test/PNEUMONIA/PNEUMONIA_481.jpeg,PNEUMONIA,PNEUMONIA,0.9495326281,TP
data/chest_xray_224/test/PNEUMONIA/PNEUMONIA_482.jpeg,PNEUMONIA,PNEUMONIA,0.9211104512,TP
data/chest_xray_224/test/PNEUMONIA/PNEUMONIA_483.jpeg,PNEUMONIA,PNEUMONIA,0.9452250600,TP
data/chest_xray_224/test/PNEUMONIA/PNEUMONIA_484.jpeg,PNEUMONIA,PNEUMONIA,0.9883648157,TP
data/chest_xray_224/test/PNEUMONIA/PNEUMONIA_485.jpeg,PNEUMONIA,PNEUMONIA,0.9578347802,TP
data/chest_xray_224/test/PNEUMONIA/PNEUMONIA_486.jpeg,PNEUMONIA,PNEUMONIA,0.9260686636,TP
data/chest_xray_224/test/PNEUMONIA/PNEUMONIA_487.jpeg,PNEUMONIA,PNEUMONIA,0.9383377433,TP
data/chest_xray_224/test/PNEUMONIA/PNEUMONIA_488.jpeg,PNEUMONIA,PNEUMONIA,0.9538090229,TP
data/chest_xray_224/test/PNEUMONIA/PNEUMONIA_489.jpeg,PNEUMONIA,PNEUMONIA,0.8996634483,TP
data/chest_xray_224/test/PNEUMONIA/PNEUMONIA_490.jpeg,PNEUMONIA,PNEUMONIA,0.9415295124,TP
data/chest_xray_224/test/PNEUMONIA/PNEUMONIA_491.jpeg,PNEUMONIA,PNEUMONIA,0.8801703453,TP
data/chest_xray_224/test/PNEUMONIA/PNEUMONIA_492.jpeg,PNEUMONIA,PNEUMONIA,0.9744846821,TP
data/chest_xray_224/test/PNEUMONIA/PNEUMONIA_493.jpeg,PNEUMONIA,PNEUMONIA,0.9403149486,TP
data/chest_xray_224/test/PNEUMONIA/PNEUMONIA_494.jpeg,PNEUMONIA,PNEUMONIA,0.9535387158,TP
data/chest_xray_224/test/PNEUMONIA/PNEUMONIA_495.jpeg,PNEUMONIA,PNEUMONIA,0.9597342610,TP
data/chest_xray_224/test/PNEUMONIA/PNEUMONIA_496.jpeg,PNEUMONIA,PNEUMONIA,0.8066783547,TP
data/chest_xray_224/test/PNEUMONIA/PNEUMONIA_497.jpeg,PNEUMONIA,PNEUMONIA,0.9695802927,TP
data/chest_xray_224/test/PNEUMONIA/PNEUMONIA_498.jpeg,PNEUMONIA,NORMAL,0.4074862897,FN
data/chest_xray_224/test/PNEUMONIA/PNEUMONIA_499.jpeg,PNEUMONIA,PNEUMONIA,0.6394708157,TP
data/chest_xray_224/test/PNEUMONIA/PNEUMONIA_500.jpeg,PNEUMONIA,PNEUMONIA,0.8214997053,TP
data/chest_xray_224/test/PNEUMONIA/PNEUMONIA_501.jpeg,PNEUMONIA,PNEUMONIA,0.9661388993,TP
data/chest_xray_224/test/PNEUMONIA/PNEUMONIA_502.jpeg,PNEUMONIA,PNEUMONIA,0.8080453277,TP
data/chest_xray_224/test/PNEUMONIA/PNEUMONIA_503.jpeg,PNEUMONIA,PNEUMONIA,0.9103940129,TP
data/chest_xray_224/test/PNEUMONIA/PNEUMONIA_504.jpeg,PNEUMONIA,PNEUMONIA,0.9601723552,TP
data/chest_xray_224/test/PNEUMONIA/PNEUMONIA_505.jpeg,PNEUMONIA,PNEUMONIA,0.9941862822,TP
data/chest_xray_224/test/PNEUMONIA/PNEUMONIA_506.jpeg,PNEUMONIA,PNEUMONIA,0.8688852787,TP
data/chest_xray_224/test/PNEUMONIA/PNEUMONIA_507.jpeg,PNEUMONIA,PNEUMONIA,0.8873148561,TP
data/chest_xray_224/test/PNEUMONIA/PNEUMONIA_508.jpeg,PNEUMONIA,PNEUMONIA,0.7953666449,TP
data/chest_xray_224/test/PNEUMONIA/PNEUMONIA_509.jpeg,PNEUMONIA,PNEUMONIA,0.9906046987,TP
data/chest_xray_224/test/PNEUMONIA/PNEUMONIA_510.jpeg,PNEUMONIA,PNEUMONIA,0.9621023536,TP
data/chest_xray_224/test/PNEUMONIA/PNEUMONIA_511.jpeg,PNEUMONIA,PNEUMONIA,0.8460769653,TP
data/chest_xray_224/test/PNEUMONIA/PNEUMONIA_512.jpeg,PNEUMONIA,PNEUMONIA,0.7562793493,TP
data/chest_xray_224/test/PNEUMONIA/PNEUMONIA_513.jpeg,PNEUMONIA,PNEUMONIA,0.9136337042,TP
data/chest_xray_224/test/PNEUMONIA/PNEUMONIA_514.jpeg,PNEUMONIA,PNEUMONIA,0.9959598184,TP
data/chest_xray_224/test/PNEUMONIA/PNEUMONIA_515.jpeg,PNEUMONIA,PNEUMONIA,0.9846210480,TP
data/chest_xray_224/test/PNEUMONIA/PNEUMONIA_516.jpeg,PNEUMONIA,PNEUMONIA,0.8294699788,TP
data/chest_xray_224/test/PNEUMONIA/PNEUMONIA_517.jpeg,PNEUMONIA,PNEUMONIA,0.9458756447,TP
data/chest_xray_224/test/PNEUMONIA/PNEUMONIA_518.jpeg,PNEUMONIA,PNEUMONIA,0.7421482205,TP
data/chest_xray_224/test/PNEUMONIA/PNEUMONIA_519.jpeg,PNEUMONIA,PNEUMONIA,0.9629117846,TP
data/chest_xray_224/test/PNEUMONIA/PNEUMONIA_520.jpeg,PNEUMONIA,PNEUMONIA,0.8958327174,TP
data/chest_xray_224/test/PNEUMONIA/PNEUMONIA_521.jpeg,PNEUMONIA,PNEUMONIA,0.9250127077,TP
data/chest_xray_224/test/PNEUMONIA/PNEUMONIA_522.jpeg,PNEUMONIA,PNEUMONIA,0.9449161887,TP
data/chest_xray_224/test/PNEUMONIA/PNEUMONIA_523.jpeg,PNEUMONIA,PNEUMONIA,0.8142532706,TP
data/chest_xray_224/test/PNEUMONIA/PNEUMONIA_524.jpeg,PNEUMONIA,PNEUMONIA,0.9858344197,TP
data/chest_xray_224/test/PNEUMONIA/PNEUMONIA_525.jpeg,PNEUMONIA,PNEUMONIA,0.7280077338,TP
data/chest_xray_224/test/PNEUMONIA/PNEUMONIA_526.jpeg,PNEUMONIA,PNEUMONIA,0.9176121950,TP
data/chest_xray_224/test/PNEUMONIA/PNEUMONIA_527.jpeg,PNEUMONIA,PNEUMONIA,0.8936250210,TP
data/chest_xray_224/test/PNEUMONIA/PNEUMONIA_528.jpeg,PNEUMONIA,PNEUMONIA,0.9344852567,TP
data/chest_xray_224/test/PNEUMONIA/PNEUMONIA_529.jpeg,PNEUMONIA,NORMAL,0.4689916968,FN
data/chest_xray_224/test/PNEUMONIA/PNEUMONIA_530.jpeg,PNEUMONIA,PNEUMONIA,0.9838625789,TP
data/chest_xray_224/test/PNEUMONIA/PNEUMONIA_531.jpeg,PNEUMONIA,PNEUMONIA,0.8466906548,TP
data/chest_xray_224/test/PNEUMONIA/PNEUMONIA_532.jpeg,PNEUMONIA,PNEUMONIA,0.8847765326,TP
data/chest_xray_224/test/PNEUMONIA/PNEUMONIA_533.jpeg,PNEUMONIA,PNEUMONIA,0.7166098952,TP
data/chest_xray_224/test/PNEUMONIA/PNEUMONIA_534.jpeg,PNEUMONIA,PNEUMONIA,0.8663970828,TP
data/chest_xray_224/test/PNEUMONIA/PNEUMONIA_535.jpeg,PNEUMONIA,PNEUMONIA,0.9466015697,TP
data/chest_xray_224/test/PNEUMONIA/PNEUMONIA_536.jpeg,PNEUMONIA,PNEUMONIA,0.8749475479,TP
data/chest_xray_224/test/PNEUMONIA/PNEUMONIA_537.jpeg,PNEUMONIA,PNEUMONIA,0.9770219922,TP
data/chest_xray_224/test/PNEUMONIA/PNEUMONIA_538.jpeg,PNEUMONIA,PNEUMONIA,0.6937966943,TP
data/chest_xray_224/test/PNEUMONIA/PNEUMONIA_539.jpeg,PNEUMONIA,PNEUMONIA,0.9074326754,TP
data/chest_xray_224/test/PNEUMONIA/PNEUMONIA_540.jpeg,PNEUMONIA,PNEUMONIA,0.9754245281,TP
data/chest_xray_224/test/PNEUMONIA/PNEUMONIA_541.jpeg,PNEUMONIA,PNEUMONIA,0.8521907926,TP
data/chest_xray_224/test/PNEUMONIA/PNEUMONIA_542.jpeg,PNEUMONIA,PNEUMONIA,0.8895874619,TP
data/chest_xray_224/test/PNEUMONIA/PNEUMONIA_543.jpeg,PNEUMONIA,PNEUMONIA,0.9616420269,TP
data/chest_xray_224/test/PNEUMONIA/PNEUMONIA_544.jpeg,PNEUMONIA,PNEUMONIA,0.7768231034,TP
data/chest_xray_224/test/PNEUMONIA/PNEUMONIA_545.jpeg,PNEUMONIA,PNEUMONIA,0.8914574981,TP
data/chest_xray_224/test/PNEUMONIA/PNEUMONIA_546.jpeg,PNEUMONIA,PNEUMONIA,0.9585369229,TP
data/chest_xray_224/test/PNEUMONIA/PNEUMONIA_547.jpeg,PNEUMONIA,PNEUMONIA,0.9107887149,TP
data/chest_xray_224/test/PNEUMONIA/PNEUMONIA_548.jpeg,PNEUMONIA,PNEUMONIA,0.8658356667,TP
data/chest_xray_224/test/PNEUMONIA/PNEUMONIA_549.jpeg,PNEUMONIA,PNEUMONIA,0.8252533674,TP
data/chest_xray_224/test/PNEUMONIA/PNEUMONIA_550.jpeg,PNEUMONIA,PNEUMONIA,0.8252533674,TP
data/chest_xray_224/test/PNEUMONIA/PNEUMONIA_551.jpeg,PNEUMONIA,PNEUMONIA,0.9486519694,TP
data/chest_xray_224/test/PNEUMONIA/PNEUMONIA_552.jpeg,PNEUMONIA,PNEUMONIA,0.9798249006,TP
data/chest_xray_224/test/PNEUMONIA/PNEUMONIA_553.jpeg,PNEUMONIA,PNEUMONIA,0.9433853626,TP
data/chest_xray_224/test/PNEUMONIA/PNEUMONIA_554.jpeg,PNEUMONIA,NORMAL,0.3660323620,FN
data/chest_xray_224/test/PNEUMONIA/PNEUMONIA_555.jpeg,PNEUMONIA,PNEUMONIA,0.9828898311,TP
data/chest_xray_224/test/PNEUMONIA/PNEUMONIA_556.jpeg,PNEUMONIA,PNEUMONIA,0.8797190785,TP
data/chest_xray_224/test/PNEUMONIA/PNEUMONIA_557.jpeg,PNEUMONIA,PNEUMONIA,0.9676619172,TP
data/chest_xray_224/test/PNEUMONIA/PNEUMONIA_558.jpeg,PNEUMONIA,PNEUMONIA,0.9538614750,TP
data/chest_xray_224/test/PNEUMONIA/PNEUMONIA_559.jpeg,PNEUMONIA,PNEUMONIA,0.9242122769,TP
data/chest_xray_224/test/PNEUMONIA/PNEUMONIA_560.jpeg,PNEUMONIA,PNEUMONIA,0.9821080565,TP
data/chest_xray_224/test/PNEUMONIA/PNEUMONIA_561.jpeg,PNEUMONIA,PNEUMONIA,0.9775462747,TP
data/chest_xray_224/test/PNEUMONIA/PNEUMONIA_562.jpeg,PNEUMONIA,PNEUMONIA,0.8390182257,TP
data/chest_xray_224/test/PNEUMONIA/PNEUMONIA_563.jpeg,PNEUMONIA,PNEUMONIA,0.8376355171,TP
data/chest_xray_224/test/PNEUMONIA/PNEUMONIA_564.jpeg,PNEUMONIA,PNEUMONIA,0.9595367312,TP
data/chest_xray_224/test/PNEUMONIA/PNEUMONIA_565.jpeg,PNEUMONIA,PNEUMONIA,0.9895723462,TP
data/chest_xray_224/test/PNEUMONIA/PNEUMONIA_566.jpeg,PNEUMONIA,PNEUMONIA,0.8267697692,TP
data/chest_xray_224/test/PNEUMONIA/PNEUMONIA_567.jpeg,PNEUMONIA,PNEUMONIA,0.6819618940,TP
data/chest_xray_224/test/PNEUMONIA/PNEUMONIA_568.jpeg,PNEUMONIA,PNEUMONIA,0.6444653869,TP
data/chest_xray_224/test/PNEUMONIA/PNEUMONIA_569.jpeg,PNEUMONIA,PNEUMONIA,0.9893659353,TP
data/chest_xray_224/test/PNEUMONIA/PNEUMONIA_570.jpeg,PNEUMONIA,PNEUMONIA,0.9204701185,TP
data/chest_xray_224/test/PNEUMONIA/PNEUMONIA_571.jpeg,PNEUMONIA,PNEUMONIA,0.5382479429,TP
data/chest_xray_224/test/PNEUMONIA/PNEUMONIA_572.jpeg,PNEUMONIA,PNEUMONIA,0.9679105878,TP
data/chest_xray_224/test/PNEUMONIA/PNEUMONIA_573.jpeg,PNEUMONIA,PNEUMONIA,0.5179949403,TP
data/chest_xray_224/test/PNEUMONIA/PNEUMONIA_574.jpeg,PNEUMONIA,PNEUMONIA,0.9168271422,TP
data/chest_xray_224/test/PNEUMONIA/PNEUMONIA_575.jpeg,PNEUMONIA,PNEUMONIA,0.9451795220,TP
data/chest_xray_224/test/PNEUMONIA/PNEUMONIA_576.jpeg,PNEUMONIA,PNEUMONIA,0.9295297265,TP
data/chest_xray_224/test/PNEUMONIA/PNEUMONIA_577.jpeg,PNEUMONIA,PNEUMONIA,0.7062534094,TP
data/chest_xray_224/test/PNEUMONIA/PNEUMONIA_578.jpeg,PNEUMONIA,PNEUMONIA,0.9182814956,TP
data/chest_xray_224/test/PNEUMONIA/PNEUMONIA_579.jpeg,PNEUMONIA,PNEUMONIA,0.7885002494,TP
data/chest_xray_224/test/PNEUMONIA/PNEUMONIA_580.jpeg,PNEUMONIA,PNEUMONIA,0.8941795826,TP
data/chest_xray_224/test/PNEUMONIA/PNEUMONIA_581.jpeg,PNEUMONIA,PNEUMONIA,0.9781973958,TP
data/chest_xray_224/test/PNEUMONIA/PNEUMONIA_582.jpeg,PNEUMONIA,PNEUMONIA,0.9877431393,TP
data/chest_xray_224/test/PNEUMONIA/PNEUMONIA_583.jpeg,PNEUMONIA,PNEUMONIA,0.9809890389,TP
data/chest_xray_224/test/PNEUMONIA/PNEUMONIA_584.jpeg,PNEUMONIA,PNEUMONIA,0.9733392000,TP
data/chest_xray_224/test/PNEUMONIA/PNEUMONIA_585.jpeg,PNEUMONIA,PNEUMONIA,0.9812489748,TP
data/chest_xray_224/test/PNEUMONIA/PNEUMONIA_586.jpeg,PNEUMONIA,PNEUMONIA,0.9551121593,TP
data/chest_xray_224/test/PNEUMONIA/PNEUMONIA_587.jpeg,PNEUMONIA,PNEUMONIA,0.9521574378,TP
data/chest_xray_224/test/PNEUMONIA/PNEUMONIA_588.jpeg,PNEUMONIA,PNEUMONIA,0.9513300061,TP
data/chest_xray_224/test/PNEUMONIA/PNEUMONIA_589.jpeg,PNEUMONIA,PNEUMONIA,0.9068676233,TP
data/chest_xray_224/test/PNEUMONIA/PNEUMONIA_590.jpeg,PNEUMONIA,PNEUMONIA,0.8849460483,TP
data/chest_xray_224/test/PNEUMONIA/PNEUMONIA_591.jpeg,PNEUMONIA,PNEUMONIA,0.7585489750,TP
data/chest_xray_224/test/PNEUMONIA/PNEUMONIA_592.jpeg,PNEUMONIA,PNEUMONIA,0.9526813626,TP
data/chest_xray_224/test/PNEUMONIA/PNEUMONIA_593.jpeg,PNEUMONIA,NORMAL,0.3068974614,FN
data/chest_xray_224/test/PNEUMONIA/PNEUMONIA_594.jpeg,PNEUMONIA,PNEUMONIA,0.8825071454,TP
data/chest_xray_224/test/PNEUMONIA/PNEUMONIA_595.jpeg,PNEUMONIA,PNEUMONIA,0.8118345141,TP
data/chest_xray_224/test/PNEUMONIA/PNEUMONIA_596.jpeg,PNEUMONIA,PNEUMONIA,0.8512407541,TP
data/chest_xray_224/test/PNEUMONIA/PNEUMONIA_597.jpeg,PNEUMONIA,PNEUMONIA,0.9632259607,TP
data/chest_xray_224/test/PNEUMONIA/PNEUMONIA_598.jpeg,PNEUMONIA,NORMAL,0.3792897165,FN
data/chest_xray_224/test/PNEUMONIA/PNEUMONIA_599.jpeg,PNEUMONIA,PNEUMONIA,0.9431699514,TP
data/chest_xray_224/test/PNEUMONIA/PNEUMONIA_600.jpeg,PNEUMONIA,PNEUMONIA,0.9877570868,TP
data/chest_xray_224/test/PNEUMONIA/PNEUMONIA_601.jpeg,PNEUMONIA,PNEUMONIA,0.9828476906,TP
data/chest_xray_224/test/PNEUMONIA/PNEUMONIA_602.jpeg,PNEUMONIA,PNEUMONIA,0.8222174048,TP
data/chest_xray_224/test/PNEUMONIA/PNEUMONIA_603.jpeg,PNEUMONIA,PNEUMONIA,0.9772331119,TP
data/chest_xray_224/test/PNEUMONIA/PNEUMONIA_604.jpeg,PNEUMONIA,PNEUMONIA,0.8728034496,TP
data/chest_xray_224/test/PNEUMONIA/PNEUMONIA_605.jpeg,PNEUMONIA,PNEUMONIA,0.9888187051,TP
data/chest_xray_224/test/PNEUMONIA/PNEUMONIA_606.jpeg,PNEUMONIA,PNEUMONIA,0.9357936978,TP
data/chest_xray_224/test/PNEUMONIA/PNEUMONIA_607.jpeg,PNEUMONIA,PNEUMONIA,0.9263065457,TP
data/chest_xray_224/test/PNEUMONIA/PNEUMONIA_608.jpeg,PNEUMONIA,PNEUMONIA,0.9840027690,TP
data/chest_xray_224/test/PNEUMONIA/PNEUMONIA_609.jpeg,PNEUMONIA,PNEUMONIA,0.9289827347,TP
data/chest_xray_224/test/PNEUMONIA/PNEUMONIA_610.jpeg,PNEUMONIA,PNEUMONIA,0.8894516826,TP
data/chest_xray_224/test/PNEUMONIA/PNEUMONIA_611.jpeg,PNEUMONIA,NORMAL,0.4791489244,FN
data/chest_xray_224/test/PNEUMONIA/PNEUMONIA_612.jpeg,PNEUMONIA,PNEUMONIA,0.8624233007,TP
data/chest_xray_224/test/PNEUMONIA/PNEUMONIA_613.jpeg,PNEUMONIA,PNEUMONIA,0.9706028700,TP
data/chest_xray_224/test/PNEUMONIA/PNEUMONIA_614.jpeg,PNEUMONIA,PNEUMONIA,0.6685374379,TP
data/chest_xray_224/test/PNEUMONIA/PNEUMONIA_615.jpeg,PNEUMONIA,PNEUMONIA,0.7070541382,TP
data/chest_xray_224/test/PNEUMONIA/PNEUMONIA_616.jpeg,PNEUMONIA,PNEUMONIA,0.9574022293,TP
data/chest_xray_224/test/PNEUMONIA/PNEUMONIA_617.jpeg,PNEUMONIA,PNEUMONIA,0.9028956294,TP
data/chest_xray_224/test/PNEUMONIA/PNEUMONIA_618.jpeg,PNEUMONIA,NORMAL,0.4742015898,FN
data/chest_xray_224/test/PNEUMONIA/PNEUMONIA_619.jpeg,PNEUMONIA,PNEUMONIA,0.9224665165,TP
data/chest_xray_224/test/PNEUMONIA/PNEUMONIA_620.jpeg,PNEUMONIA,PNEUMONIA,0.9293321967,TP
data/chest_xray_224/test/PNEUMONIA/PNEUMONIA_621.jpeg,PNEUMONIA,PNEUMONIA,0.6155576706,TP
data/chest_xray_224/test/PNEUMONIA/PNEUMONIA_622.jpeg,PNEUMONIA,PNEUMONIA,0.9778488278,TP
data/chest_xray_224/test/PNEUMONIA/PNEUMONIA_623.jpeg,PNEUMONIA,PNEUMONIA,0.9701799154,TP
